,RMSE,R2,MAPE
RandomForest,4.581217674748711,0.9988127029905401,0.012166805794483825
XGBoost,7.522683279060152,0.9967985769044186,0.01939983256902358
LinearRegression,102.68376690863438,0.40351283501139257,0.7038878092630733
